{
  "level": "level-2",
  "timestamp": "20260331_061930",
  "metrics": {
    "recall_at_1": 0.5,
    "recall_at_5": 1.0,
    "latency_p50": 1.538298005471006,
    "latency_p95": 2.039919901289976,
    "scope_leakage": 0.0,
    "conflict_leakage": 0.0,
    "conflict_visibility": 1.0
  }
}