{
  "level": "level-7",
  "metrics": {
    "total_errors": 0,
    "total_timeouts": 0
  },
  "details": [
    {
      "rate": 10,
      "total": 10,
      "successes": 10,
      "errors": 0,
      "timeouts": 0,
      "avg_latency_ms": 0.7777909049764276,
      "p95_latency_ms": 2.10375600727275
    },
    {
      "rate": 50,
      "total": 50,
      "successes": 50,
      "errors": 0,
      "timeouts": 0,
      "avg_latency_ms": 1.8387714587152004,
      "p95_latency_ms": 2.227191987913102
    },
    {
      "rate": 100,
      "total": 100,
      "successes": 100,
      "errors": 0,
      "timeouts": 0,
      "avg_latency_ms": 2.6284884999040514,
      "p95_latency_ms": 17.10036801523529
    }
  ],
  "timestamp": "20260331_055634"
}