{
  "level": "level-4",
  "timestamp": "20260331_055602",
  "metrics": {
    "recall_at_1": 1.0,
    "recall_at_5": 1.0,
    "latency_p50": 1.1549759947229177,
    "latency_p95": 1.5094483460416086,
    "scope_leakage": 0.0,
    "conflict_leakage": 0.0,
    "conflict_visibility": 1.0
  }
}