{
  "level": "level-2",
  "timestamp": "20260331_055018",
  "metrics": {
    "recall_at_1": 0.5,
    "recall_at_5": 1.0,
    "latency_p50": 1.7103934951592237,
    "latency_p95": 2.87214025884168,
    "scope_leakage": 0.0,
    "conflict_leakage": 0.0,
    "conflict_visibility": 1.0
  }
}