{
  "level": "level-4",
  "timestamp": "20260331_061932",
  "metrics": {
    "recall_at_1": 0.998,
    "recall_at_5": 1.0,
    "latency_p50": 1.1245244968449697,
    "latency_p95": 1.2629343444132246,
    "scope_leakage": 0.0,
    "conflict_leakage": 0.0,
    "conflict_visibility": 1.0
  }
}