{
  "level": "level-4",
  "timestamp": "20260325_072957",
  "metrics": {
    "recall_at_1": 1.0,
    "recall_at_5": 1.0,
    "latency_p50": 2.655246003996581,
    "latency_p95": 6.043736796709704,
    "scope_leakage": 0.0,
    "conflict_leakage": 0.0,
    "conflict_visibility": 1.0
  }
}