{
  "level": "level-3",
  "timestamp": "20260331_055600",
  "metrics": {
    "recall_at_1": 1.0,
    "recall_at_5": 1.0,
    "latency_p50": 0.41518699435982853,
    "latency_p95": 0.6509252023533918,
    "scope_leakage": 0.0,
    "conflict_leakage": 0.0,
    "conflict_visibility": 1.0
  }
}