{
  "level": "level-1",
  "timestamp": "20260331_055549",
  "metrics": {
    "recall_at_1": 0.68,
    "recall_at_5": 0.68,
    "latency_p50": 1.1413725151214749,
    "latency_p95": 2.9004977564909433,
    "scope_leakage": 0.0,
    "conflict_leakage": 0.0,
    "conflict_visibility": 1.0
  }
}