{
  "level": "level-1",
  "timestamp": "20260331_080532",
  "metrics": {
    "recall_at_1": 0.732,
    "recall_at_5": 0.732,
    "latency_p50": 1.2392680073389784,
    "latency_p95": 2.0102454509469676,
    "scope_leakage": 0.0,
    "conflict_leakage": 0.0,
    "conflict_visibility": 1.0
  }
}