{
  "level": "level-2",
  "timestamp": "20260331_055559",
  "metrics": {
    "recall_at_1": 0.5,
    "recall_at_5": 1.0,
    "latency_p50": 1.607624493772164,
    "latency_p95": 3.1691077587311143,
    "scope_leakage": 0.0,
    "conflict_leakage": 0.0,
    "conflict_visibility": 1.0
  }
}