{
  "level": "level-1",
  "timestamp": "20260331_061921",
  "metrics": {
    "recall_at_1": 0.652,
    "recall_at_5": 0.652,
    "latency_p50": 1.0509749845368788,
    "latency_p95": 1.780799875268712,
    "scope_leakage": 0.0,
    "conflict_leakage": 0.0,
    "conflict_visibility": 1.0
  }
}