{
  "level": "level-7",
  "metrics": {
    "total_errors": 0,
    "total_timeouts": 0
  },
  "details": [
    {
      "rate": 10,
      "total": 10,
      "successes": 10,
      "errors": 0,
      "timeouts": 0,
      "avg_latency_ms": 6.935436898493208,
      "p95_latency_ms": 26.893486006883904
    },
    {
      "rate": 50,
      "total": 50,
      "successes": 50,
      "errors": 0,
      "timeouts": 0,
      "avg_latency_ms": 3.8002217590110376,
      "p95_latency_ms": 12.082180008292198
    },
    {
      "rate": 100,
      "total": 100,
      "successes": 100,
      "errors": 0,
      "timeouts": 0,
      "avg_latency_ms": 3.253334950422868,
      "p95_latency_ms": 11.945795005885884
    }
  ],
  "timestamp": "20260325_073122"
}