{
  "level": "level-2",
  "timestamp": "20260325_072944",
  "metrics": {
    "recall_at_1": 0.5,
    "recall_at_5": 1.0,
    "latency_p50": 2.8897440060973167,
    "latency_p95": 6.790785930934358,
    "scope_leakage": 0.0,
    "conflict_leakage": 0.0,
    "conflict_visibility": 1.0
  }
}