{
  "level": "level-1",
  "timestamp": "20260331_060348",
  "metrics": {
    "recall_at_1": 0.738,
    "recall_at_5": 0.738,
    "latency_p50": 1.1898480006493628,
    "latency_p95": 1.9028162045287895,
    "scope_leakage": 0.0,
    "conflict_leakage": 0.0,
    "conflict_visibility": 1.0
  }
}