{
  "level": "level-7",
  "metrics": {
    "total_errors": 0,
    "total_timeouts": 0
  },
  "details": [
    {
      "rate": 10,
      "total": 10,
      "successes": 10,
      "errors": 0,
      "timeouts": 0,
      "avg_latency_ms": 0.6430909008486196,
      "p95_latency_ms": 3.846475010504946
    },
    {
      "rate": 50,
      "total": 50,
      "successes": 50,
      "errors": 0,
      "timeouts": 0,
      "avg_latency_ms": 1.5465221961494535,
      "p95_latency_ms": 6.096072000218555
    },
    {
      "rate": 100,
      "total": 100,
      "successes": 100,
      "errors": 0,
      "timeouts": 0,
      "avg_latency_ms": 12.128762689535506,
      "p95_latency_ms": 27.302686008624732
    }
  ],
  "timestamp": "20260331_055101"
}